{
  "0": {
    "weights": [
      0.9351449873987455,
      0.021677747296917113,
      0.021787253625609314,
      0.02139001167872811
    ],
    "order": [
      "mlp",
      "xgb",
      "lgb",
      "cat"
    ]
  },
  "1": {
    "weights": [
      0.9302888177445031,
      0.02344022099660328,
      0.02329348475457355,
      0.02297747650431997
    ],
    "order": [
      "mlp",
      "xgb",
      "lgb",
      "cat"
    ]
  },
  "2": {
    "weights": [
      0.8805537319611264,
      0.04015763042049943,
      0.04009654171265124,
      0.039192095905722826
    ],
    "order": [
      "mlp",
      "xgb",
      "lgb",
      "cat"
    ]
  },
  "3": {
    "weights": [
      -0.17105268490945244,
      0.04553838075407313,
      0.04550268610763596,
      0.04658101072064857
    ],
    "order": [
      "mlp",
      "xgb",
      "lgb",
      "cat"
    ]
  }
}