{
  "0": {
    "weights": [
      -0.004702516854300478,
      0.00012963454969551157,
      0.00013472307812974996,
      7.419232019900523e-05
    ],
    "order": [
      "mlp",
      "xgb",
      "lgb",
      "cat"
    ]
  },
  "1": {
    "weights": [
      -9.072178265635975,
      3.2912935687868634,
      3.5162271277300725,
      3.264657569119039
    ],
    "order": [
      "mlp",
      "xgb",
      "lgb",
      "cat"
    ]
  },
  "2": {
    "weights": [
      -0.054364194271322476,
      0.004313301112994117,
      0.00436664442008381,
      0.004281102944382616
    ],
    "order": [
      "mlp",
      "xgb",
      "lgb",
      "cat"
    ]
  },
  "3": {
    "weights": [
      0.6386367902509841,
      0.1220870459189976,
      0.12249417664860511,
      0.11678198718141329
    ],
    "order": [
      "mlp",
      "xgb",
      "lgb",
      "cat"
    ]
  }
}