{
  "0": {
    "weights": [
      0.9494484950938478,
      0.0167933380469516,
      0.01673490748536045,
      0.017023259373840204
    ],
    "order": [
      "mlp",
      "xgb",
      "lgb",
      "cat"
    ]
  },
  "1": {
    "weights": [
      0.7412506634782722,
      0.08606911107963384,
      0.08607704087767638,
      0.0866031845644178
    ],
    "order": [
      "mlp",
      "xgb",
      "lgb",
      "cat"
    ]
  },
  "2": {
    "weights": [
      0.5886817157134135,
      0.14255686158564676,
      0.13426246545923698,
      0.13449895724170266
    ],
    "order": [
      "mlp",
      "xgb",
      "lgb",
      "cat"
    ]
  },
  "3": {
    "weights": [
      0.5054108456209884,
      0.1762629884248796,
      0.1720852251231138,
      0.1462409408310182
    ],
    "order": [
      "mlp",
      "xgb",
      "lgb",
      "cat"
    ]
  }
}