{
  "0": {
    "weights": [
      -0.001981926981351105,
      -5.7248339396781605e-05,
      -9.491395957592198e-05,
      -8.78519711532001e-05
    ],
    "order": [
      "mlp",
      "xgb",
      "lgb",
      "cat"
    ]
  },
  "1": {
    "weights": [
      -0.015341365074052973,
      -0.0022704786028844544,
      -0.0022659305524078,
      -0.002047554701265126
    ],
    "order": [
      "mlp",
      "xgb",
      "lgb",
      "cat"
    ]
  },
  "2": {
    "weights": [
      -0.003846151114657879,
      -0.007745359240193748,
      -0.006568472313228373,
      -0.00782441800476333
    ],
    "order": [
      "mlp",
      "xgb",
      "lgb",
      "cat"
    ]
  },
  "3": {
    "weights": [
      -0.036850008430564754,
      -0.0016241835780648512,
      -0.0015107576727089577,
      -0.00280166205635576
    ],
    "order": [
      "mlp",
      "xgb",
      "lgb",
      "cat"
    ]
  }
}