{
  "0": {
    "weights": [
      0.9472924002165293,
      0.021513119623301918,
      0.01717735620157811,
      0.014017123958590599
    ],
    "order": [
      "mlp",
      "xgb",
      "lgb",
      "cat"
    ]
  },
  "1": {
    "weights": [
      -0.036841893949113996,
      0.0018522078301146322,
      0.001855680138016754,
      0.0018573702123521885
    ],
    "order": [
      "mlp",
      "xgb",
      "lgb",
      "cat"
    ]
  },
  "2": {
    "weights": [
      -0.060280339180721426,
      0.003374869168924631,
      0.003383520207982321,
      0.0033757395111491577
    ],
    "order": [
      "mlp",
      "xgb",
      "lgb",
      "cat"
    ]
  },
  "3": {
    "weights": [
      0.7229625210064451,
      0.09229253290150807,
      0.09235793959934864,
      0.09238700649269832
    ],
    "order": [
      "mlp",
      "xgb",
      "lgb",
      "cat"
    ]
  }
}