{
  "0": {
    "weights": [
      -0.001612258437371502,
      3.11020945853421e-05,
      2.9920524731010235e-05,
      3.009561501351975e-05
    ],
    "order": [
      "mlp",
      "xgb",
      "lgb",
      "cat"
    ]
  },
  "1": {
    "weights": [
      1.0311939666786654,
      -0.010330543209379057,
      -0.010489765521068003,
      -0.01037365794821815
    ],
    "order": [
      "mlp",
      "xgb",
      "lgb",
      "cat"
    ]
  },
  "2": {
    "weights": [
      -0.012266668348499652,
      0.0008207417097907159,
      0.000819933427901293,
      0.0008199237695888463
    ],
    "order": [
      "mlp",
      "xgb",
      "lgb",
      "cat"
    ]
  },
  "3": {
    "weights": [
      -1.9922512116246132,
      0.9975214494666645,
      0.9971779157505076,
      0.9975518464074411
    ],
    "order": [
      "mlp",
      "xgb",
      "lgb",
      "cat"
    ]
  }
}