{
  "0": {
    "weights": [
      -0.008225271454210288,
      0.00018564435841261523,
      0.00019127369682749636,
      0.00017362084153874557
    ],
    "order": [
      "mlp",
      "xgb",
      "lgb",
      "cat"
    ]
  },
  "1": {
    "weights": [
      0.2068025892312043,
      0.26058335668928845,
      0.26830526591062676,
      0.2643087881688804
    ],
    "order": [
      "mlp",
      "xgb",
      "lgb",
      "cat"
    ]
  },
  "2": {
    "weights": [
      0.6916391716325757,
      0.10337182005082401,
      0.10265512637729106,
      0.1023338819393092
    ],
    "order": [
      "mlp",
      "xgb",
      "lgb",
      "cat"
    ]
  },
  "3": {
    "weights": [
      0.07041049920926071,
      0.3125670671348057,
      0.31117526249001815,
      0.3058471711659155
    ],
    "order": [
      "mlp",
      "xgb",
      "lgb",
      "cat"
    ]
  }
}