{
  "0": {
    "weights": [
      0.9795176206361667,
      0.006876328736827083,
      0.00677326908755113,
      0.006832781539455039
    ],
    "order": [
      "mlp",
      "xgb",
      "lgb",
      "cat"
    ]
  },
  "1": {
    "weights": [
      0.9081520870175492,
      0.030685807331936283,
      0.031247070162580375,
      0.029915035487934158
    ],
    "order": [
      "mlp",
      "xgb",
      "lgb",
      "cat"
    ]
  },
  "2": {
    "weights": [
      0.8949983641358323,
      0.03485218328351295,
      0.035102695607465706,
      0.03504675697318909
    ],
    "order": [
      "mlp",
      "xgb",
      "lgb",
      "cat"
    ]
  },
  "3": {
    "weights": [
      -0.08956066892059478,
      0.006931725547869618,
      0.006932652734469852,
      0.0071951762013223374
    ],
    "order": [
      "mlp",
      "xgb",
      "lgb",
      "cat"
    ]
  }
}