{
  "0": {
    "weights": [
      -0.015417505112172741,
      0.00016179701853096684,
      0.00016185247728771758,
      0.00015528790612452672
    ],
    "order": [
      "mlp",
      "xgb",
      "lgb",
      "cat"
    ]
  },
  "1": {
    "weights": [
      0.9175436277478243,
      0.02711045663836499,
      0.028384957803030218,
      0.02696095781078071
    ],
    "order": [
      "mlp",
      "xgb",
      "lgb",
      "cat"
    ]
  },
  "2": {
    "weights": [
      -0.11256777304241132,
      0.017429006721610102,
      0.016534521789844832,
      0.01737909298477978
    ],
    "order": [
      "mlp",
      "xgb",
      "lgb",
      "cat"
    ]
  },
  "3": {
    "weights": [
      -0.23422638428862552,
      0.016572807271897576,
      0.016585334718722918,
      0.016599352007147003
    ],
    "order": [
      "mlp",
      "xgb",
      "lgb",
      "cat"
    ]
  }
}