{
  "0": {
    "weights": [
      -0.00794926106142076,
      0.0003416869875364044,
      0.00034128119858029834,
      0.0003416653203759758
    ],
    "order": [
      "mlp",
      "xgb",
      "lgb",
      "cat"
    ]
  },
  "1": {
    "weights": [
      0.9259372133164572,
      0.024703752467906643,
      0.024667977106381224,
      0.024691057109254993
    ],
    "order": [
      "mlp",
      "xgb",
      "lgb",
      "cat"
    ]
  },
  "2": {
    "weights": [
      0.6548754788665249,
      0.11502445401454313,
      0.11499302757741311,
      0.11510703954151903
    ],
    "order": [
      "mlp",
      "xgb",
      "lgb",
      "cat"
    ]
  },
  "3": {
    "weights": [
      -0.26680283253385184,
      0.4221938037701941,
      0.42212878557706396,
      0.42248024318659394
    ],
    "order": [
      "mlp",
      "xgb",
      "lgb",
      "cat"
    ]
  }
}