{
  "0": {
    "weights": [
      0.9737913454756812,
      0.008410772355628801,
      0.009345175656954644,
      0.008452706511735368
    ],
    "order": [
      "mlp",
      "xgb",
      "lgb",
      "cat"
    ]
  },
  "1": {
    "weights": [
      -0.029078330544327458,
      0.0021620603834236786,
      0.002217308757368221,
      0.002232330670556365
    ],
    "order": [
      "mlp",
      "xgb",
      "lgb",
      "cat"
    ]
  },
  "2": {
    "weights": [
      0.7405905631315343,
      0.07658945081214917,
      0.10173809929689409,
      0.08108188675942257
    ],
    "order": [
      "mlp",
      "xgb",
      "lgb",
      "cat"
    ]
  },
  "3": {
    "weights": [
      0.7160559674466396,
      0.09354599901818055,
      0.09915215212609053,
      0.0912458814090893
    ],
    "order": [
      "mlp",
      "xgb",
      "lgb",
      "cat"
    ]
  }
}