{
  "0": {
    "weights": [
      0.9455709699996111,
      0.017491620864986807,
      0.009857118551534002,
      0.027080290583868065
    ],
    "order": [
      "mlp",
      "xgb",
      "lgb",
      "cat"
    ]
  },
  "1": {
    "weights": [
      -1.7087643452215544,
      1.0025484805672942,
      0.7950389843365797,
      0.9111768803176806
    ],
    "order": [
      "mlp",
      "xgb",
      "lgb",
      "cat"
    ]
  },
  "2": {
    "weights": [
      0.711479524465685,
      0.10250269709724129,
      0.11202495009485476,
      0.07399282834221889
    ],
    "order": [
      "mlp",
      "xgb",
      "lgb",
      "cat"
    ]
  },
  "3": {
    "weights": [
      -0.055106652914862865,
      0.01669913609342124,
      0.016661227461619896,
      0.016811806057614974
    ],
    "order": [
      "mlp",
      "xgb",
      "lgb",
      "cat"
    ]
  }
}