{
  "0": {
    "weights": [
      1.0312649226982569,
      -0.012711895871221585,
      -0.0021259749350827253,
      -0.01642705189195264
    ],
    "order": [
      "mlp",
      "xgb",
      "lgb",
      "cat"
    ]
  },
  "1": {
    "weights": [
      -0.02127567826965668,
      -0.0028452675140438364,
      -0.0028933834559129856,
      -0.0028793011646830223
    ],
    "order": [
      "mlp",
      "xgb",
      "lgb",
      "cat"
    ]
  },
  "2": {
    "weights": [
      1.3453513986745058,
      -0.11306786806540482,
      -0.1197599064582551,
      -0.11252362415084592
    ],
    "order": [
      "mlp",
      "xgb",
      "lgb",
      "cat"
    ]
  },
  "3": {
    "weights": [
      1.5560828057879383,
      -0.18875084461904756,
      -0.1885330624302453,
      -0.17879889873864527
    ],
    "order": [
      "mlp",
      "xgb",
      "lgb",
      "cat"
    ]
  }
}