{
  "0": {
    "weights": [
      -0.0005107871228494439,
      1.9586282509874996e-05,
      2.07157272975943e-05,
      2.035821479486677e-05
    ],
    "order": [
      "mlp",
      "xgb",
      "lgb",
      "cat"
    ]
  },
  "1": {
    "weights": [
      0.9870649682229493,
      0.004751462460205792,
      0.004291530839629281,
      0.003892038477215562
    ],
    "order": [
      "mlp",
      "xgb",
      "lgb",
      "cat"
    ]
  },
  "2": {
    "weights": [
      3.1102890170229673,
      -0.7032220440667809,
      -0.7039218193651209,
      -0.7031451535910659
    ],
    "order": [
      "mlp",
      "xgb",
      "lgb",
      "cat"
    ]
  },
  "3": {
    "weights": [
      -0.039930020185129776,
      -0.010770286655143431,
      -0.010772882822705172,
      -0.010777405697414323
    ],
    "order": [
      "mlp",
      "xgb",
      "lgb",
      "cat"
    ]
  }
}