{
  "0": {
    "weights": [
      0.9797867058206238,
      0.0067515384103434785,
      0.006730344263669877,
      0.006731411505362721
    ],
    "order": [
      "mlp",
      "xgb",
      "lgb",
      "cat"
    ]
  },
  "1": {
    "weights": [
      0.8176611736184584,
      0.060827988223670956,
      0.060765775091763216,
      0.06074506306610744
    ],
    "order": [
      "mlp",
      "xgb",
      "lgb",
      "cat"
    ]
  },
  "2": {
    "weights": [
      -0.058014630545946085,
      0.0035749055952822148,
      0.003544663747712256,
      0.0034980822306695416
    ],
    "order": [
      "mlp",
      "xgb",
      "lgb",
      "cat"
    ]
  },
  "3": {
    "weights": [
      0.3544774360834118,
      0.21534562408389782,
      0.21510142402138388,
      0.2150755158113065
    ],
    "order": [
      "mlp",
      "xgb",
      "lgb",
      "cat"
    ]
  }
}