{
  "0": {
    "weights": [
      -0.001696226785964858,
      -1.2765310327333566e-06,
      -7.366362545919035e-07,
      -1.2679960347241672e-06
    ],
    "order": [
      "mlp",
      "xgb",
      "lgb",
      "cat"
    ]
  },
  "1": {
    "weights": [
      0.8145060399987093,
      0.06182875049016251,
      0.061793924261961924,
      0.06187128524916635
    ],
    "order": [
      "mlp",
      "xgb",
      "lgb",
      "cat"
    ]
  },
  "2": {
    "weights": [
      0.8223104216034779,
      0.05924595792878427,
      0.059247676230361666,
      0.05919594423737613
    ],
    "order": [
      "mlp",
      "xgb",
      "lgb",
      "cat"
    ]
  },
  "3": {
    "weights": [
      0.4698609004960698,
      0.17458876080207458,
      0.1840560498858929,
      0.1714942888159626
    ],
    "order": [
      "mlp",
      "xgb",
      "lgb",
      "cat"
    ]
  }
}