{
  "0": {
    "weights": [
      0.9100946243959301,
      0.028547914949304067,
      0.03261540272669887,
      0.028742057928067073
    ],
    "order": [
      "mlp",
      "xgb",
      "lgb",
      "cat"
    ]
  },
  "1": {
    "weights": [
      0.6089537090035083,
      0.13034451378026454,
      0.13031571746254886,
      0.13038605975367837
    ],
    "order": [
      "mlp",
      "xgb",
      "lgb",
      "cat"
    ]
  },
  "2": {
    "weights": [
      0.8031180774566091,
      0.06532506696285484,
      0.06761261742812849,
      0.0639442381524077
    ],
    "order": [
      "mlp",
      "xgb",
      "lgb",
      "cat"
    ]
  },
  "3": {
    "weights": [
      0.7789056183990043,
      0.07369623947645398,
      0.07369983478691107,
      0.07369830733763051
    ],
    "order": [
      "mlp",
      "xgb",
      "lgb",
      "cat"
    ]
  }
}