{
  "0": {
    "weights": [
      -0.007331502216863366,
      4.1362635176998185e-05,
      3.989576632343217e-05,
      3.986798793661005e-05
    ],
    "order": [
      "mlp",
      "xgb",
      "lgb",
      "cat"
    ]
  },
  "1": {
    "weights": [
      -0.035274494934530554,
      0.0028423115004363514,
      0.0029160824199008367,
      0.0028294063324994065
    ],
    "order": [
      "mlp",
      "xgb",
      "lgb",
      "cat"
    ]
  },
  "2": {
    "weights": [
      -0.0661573840630138,
      0.0036476096871406287,
      0.003664216489784447,
      0.0034931949199342675
    ],
    "order": [
      "mlp",
      "xgb",
      "lgb",
      "cat"
    ]
  },
  "3": {
    "weights": [
      0.5901478322789044,
      0.13980057904073145,
      0.13629003078259605,
      0.13376155789776814
    ],
    "order": [
      "mlp",
      "xgb",
      "lgb",
      "cat"
    ]
  }
}