{
  "0": {
    "weights": [
      1.647163628635509,
      -0.15039260268061613,
      -0.1375165683639979,
      -0.35925445759089486
    ],
    "order": [
      "mlp",
      "xgb",
      "lgb",
      "cat"
    ]
  },
  "1": {
    "weights": [
      0.2178361180488176,
      -0.09111764954819122,
      -0.10632522402339951,
      -0.1195072285352184
    ],
    "order": [
      "mlp",
      "xgb",
      "lgb",
      "cat"
    ]
  },
  "2": {
    "weights": [
      0.45479824127977064,
      -0.19759480439474353,
      -0.2383170246086633,
      -0.14479261374911143
    ],
    "order": [
      "mlp",
      "xgb",
      "lgb",
      "cat"
    ]
  },
  "3": {
    "weights": [
      5.007916663688978,
      -2.404396801130716,
      -3.7425724669451057,
      2.139052604386843
    ],
    "order": [
      "mlp",
      "xgb",
      "lgb",
      "cat"
    ]
  }
}