{
  "0": {
    "weights": [
      0.9370310054901078,
      0.024386408381660896,
      0.022711036535638055,
      0.015871549592593296
    ],
    "order": [
      "mlp",
      "xgb",
      "lgb",
      "cat"
    ]
  },
  "1": {
    "weights": [
      0.5492750417714277,
      0.15874319475205736,
      0.14450157382076048,
      0.14748018965575443
    ],
    "order": [
      "mlp",
      "xgb",
      "lgb",
      "cat"
    ]
  },
  "2": {
    "weights": [
      0.7073780647052621,
      0.10026968284691798,
      0.09892247457141651,
      0.09342977787640346
    ],
    "order": [
      "mlp",
      "xgb",
      "lgb",
      "cat"
    ]
  },
  "3": {
    "weights": [
      0.43263023614854834,
      0.19064325132180132,
      0.19211833882559248,
      0.184608173704058
    ],
    "order": [
      "mlp",
      "xgb",
      "lgb",
      "cat"
    ]
  }
}