{
  "0": {
    "weights": [
      -0.0007766677985987834,
      3.9036997031577033e-05,
      4.866871079996009e-05,
      4.38012023571499e-05
    ],
    "order": [
      "mlp",
      "xgb",
      "lgb",
      "cat"
    ]
  },
  "1": {
    "weights": [
      0.46988114341314147,
      0.18359135011668912,
      0.18002370888322214,
      0.1665037975869474
    ],
    "order": [
      "mlp",
      "xgb",
      "lgb",
      "cat"
    ]
  },
  "2": {
    "weights": [
      0.7503388180158572,
      0.08743943711401271,
      0.09203984298397008,
      0.07018190188616
    ],
    "order": [
      "mlp",
      "xgb",
      "lgb",
      "cat"
    ]
  },
  "3": {
    "weights": [
      0.2461733405920809,
      0.2562562901852732,
      0.25509104818811973,
      0.2424793210345263
    ],
    "order": [
      "mlp",
      "xgb",
      "lgb",
      "cat"
    ]
  }
}